"id","clave","nombre_producto","unidad","equipo","cantiad_fisica","activo","image","escala","timecounter"
1,"1","ABATELENGUAS","Paquete(s)","OTROS INSUMOS / TOMA DE MUESTRA",NULL,True,"QRS/1.png","2.5",0
2,"2","ACEITE DE INMERSION","Pieza(s)","OTROS INSUMOS / TOMA DE MUESTRA",NULL,True,"QRS/2.png","2.5",1
3,"3","ACIDO CLORHIDRICO","Pieza(s)","OTROS INSUMOS / TOMA DE MUESTRA",NULL,True,"QRS/3.png","2.5",0
4,"4","ACTIVADOR PARA COBAS","Caja(s)","COBAS C501",NULL,True,"QRS/4.png","2.5",1
5,"5","ADAPTADOR DE GASOMETRO","Pieza(s)",NULL,NULL,False,"QRS/5.png","2.5",1
6,"6","ADAPTADOR LUER","Caja(s)","OTROS INSUMOS / TOMA DE MUESTRA",NULL,True,"QRS/6.png","2.5",0
7,"7","ADAPTADOR PARA COPAS COBAS","Pieza(s)","*",NULL,True,"QRS/7.png","2.5",0
8,"8","AGITADOR DE PLACA LW (activo)","Pieza(s)","*",NULL,True,"QRS/8.png","2.5",0
9,"9","AGITADOR DE TUBOS","Pieza(s)","*",NULL,True,"QRS/9.png","2.5",0
10,"10","AGUA TRIDESTILADA 19 LTS","Galon(es)","OTROS INSUMOS / TOMA DE MUESTRA",NULL,True,"QRS/10.png","2.5",0
11,"11","AGUJA ECLIPSE MARCA BD","Caja(s)","OTROS INSUMOS / TOMA DE MUESTRA",NULL,True,"QRS/11.png","2.5",0
12,"12","AGUJA HIPODERMICA 23 MM MARCA BD","Caja(s)","OTROS INSUMOS / TOMA DE MUESTRA",NULL,True,"QRS/12.png","2.5",0
13,"13","AGUJAS VACUTAINER MARCA BD","Caja(s)","OTROS INSUMOS / TOMA DE MUESTRA",NULL,True,"QRS/13.png","2.5",0
14,"14","ALCOHOL ETILICO","Pieza(s)","OTROS INSUMOS / TOMA DE MUESTRA",NULL,True,"QRS/14.png","2.5",0
15,"15","ALCOHOL ISOPROPILICO","Pieza(s)","OTROS INSUMOS / TOMA DE MUESTRA",NULL,True,"QRS/15.png","2.5",0
16,"16","ANALISADOR ACCES II BECKMAN #SERIE 500512 (activo)","Pieza(s)","*",NULL,True,"QRS/16.png","2.5",0
17,"17","ANTIBACTERIAL LIQUIDO 300ML","Pieza(s)",NULL,NULL,False,"QRS/17.png","2.5",0
18,"18","ANTIBACTERIAL LIQUIDO 4L","Pieza(s)",NULL,NULL,False,"QRS/18.png","2.5",0
19,"19","ANTIDOPING EN CARTUCHO ACU CHECK","Caja(s)","OTROS INSUMOS / TOMA DE MUESTRA",NULL,True,"QRS/19.png","2.5",0
20,"20","ANTIESTREPTOLISINAS (ASO)","Caja(s)","OTROS INSUMOS / TOMA DE MUESTRA",NULL,True,"QRS/20.png","2.5",0
21,"21","APLICADORES CON ALGODON","Paquete(s)","OTROS INSUMOS / TOMA DE MUESTRA",NULL,True,"QRS/21.png","2.5",0
22,"22","APLICADORES DE MADERA SIN ALGODON","Paquete(s)","OTROS INSUMOS / TOMA DE MUESTRA",NULL,True,"QRS/22.png","2.5",0
23,"23","AROMATIZANTE","Pieza(s)","LIMPIEZA",NULL,True,"QRS/23.png","2.5",0
24,"24","ASA DE NICROMO NO. 1","Pieza(s)",NULL,NULL,True,"QRS/24.png","2.5",0
25,"25","ASA DESECHABLE ESTERIL","Paquete(s)","OTROS INSUMOS / TOMA DE MUESTRA",NULL,True,"QRS/25.png","2.5",0
26,"26","AZUL BRILLANTE DE CRECILO BUFERIZADO","Pieza(s)","OTROS INSUMOS / TOMA DE MUESTRA",NULL,True,"QRS/26.png","2.5",0
27,"27","BATA P/ EXPLORACION DESECHABLE","Pieza(s)","OTROS INSUMOS / TOMA DE MUESTRA",NULL,True,"QRS/27.png","2.5",0
28,"28","BOLIGRAFO AZUL","Caja(s)",NULL,NULL,True,"QRS/28.png","2.5",0
29,"29","BOLIGRAFO NEGRO","Caja(s)",NULL,NULL,True,"QRS/29.png","2.5",0
30,"30","BOLSA RECOLECTORA DE ORINA NInA","Pieza(s)","OTROS INSUMOS / TOMA DE MUESTRA",NULL,True,"QRS/30.png","2.5",0
31,"31","BOLSA RECOLECTORA DE ORINA NInO","Pieza(s)","OTROS INSUMOS / TOMA DE MUESTRA",NULL,True,"QRS/31.png","2.5",0
32,"32","BOLSA ROJA PARA ACCES","Caja(s)","ACCESS",NULL,True,"QRS/32.png","2.5",0
33,"33","BORRADORES","Pieza(s)",NULL,NULL,True,"QRS/33.png","2.5",0
34,"34","BOTIQUIN","Pieza(s)","*",NULL,True,"QRS/34.png","2.5",0
35,"35","BROCHE RETRACTIL C/10","Caja(s)",NULL,NULL,True,"QRS/35.png","2.5",0
36,"36","C.F.A.S. 12 X 3 ML.","Pieza(s)","COBAS  C501",NULL,True,"QRS/36.png","2.5",0
37,"37","CAJA ARCHIVADORA T/CARTA","Pieza(s)",NULL,NULL,True,"QRS/37.png","2.5",0
38,"38","CALIBRADO PSA TOTAL IL 6X2.5ML","Caja(s)","ACCESS",NULL,True,"QRS/38.png","2.5",0
39,"39","CALIBRADOR ACL (IL HEMOSIL CALIBRADOR PLASMA 10X1)","Caja(s)","ACL",NULL,True,"QRS/39.png","2.5",0
40,"40","CALIBRADOR PSA LIBRE ACCES","Caja(s)","ACCESS",NULL,True,"QRS/40.png","2.5",0
41,"41","CAMARA DE  NEWBAUER","Pieza(s)","*",NULL,True,"QRS/41.png","2.5",0
42,"42","CANASTA DE FLEBOTOMIA (activo)","Pieza(s)","*",NULL,True,"QRS/42.png","2.5",0
43,"43","CARPETA NO. 1","Pieza(s)",NULL,NULL,True,"QRS/43.png","2.5",0
44,"44","CARPETA NO. 2","Pieza(s)",NULL,NULL,True,"QRS/44.png","2.5",0
45,"45","CARPETA NO. 3","Pieza(s)",NULL,NULL,True,"QRS/45.png","2.5",0
46,"46","CARTUCHO ANALIZADOR GEM PREMIER","Pieza(s)","GASOMETRO",NULL,True,"QRS/46.png","2.5",0
47,"47","CARTUCHO CONTROL CALIDAD","Pieza(s)",NULL,NULL,False,"QRS/47.png","2.5",0
48,"48","CARTUCHO DE MEDICION 250 PBZ","Pieza(s)",NULL,NULL,False,"QRS/48.png","2.5",0
49,"49","CELL PACK 20 L","Pieza(s)","SYSMEX",NULL,True,"QRS/49.png","2.5",0
50,"50","CFAS CK-MB 3 x 1 ML","Caja(s)","COBAS C501",NULL,True,"QRS/50.png","2.5",0
51,"51","CFAS HBA1C (REACTIVO)","Caja(s)","COBAS C501",NULL,True,"QRS/51.png","2.5",0
52,"52","CFAS LIPID F 3 x 1 ML","Caja(s)","COBAS C501",NULL,True,"QRS/52.png","2.5",0
53,"53","CFAS PROTEINS","Caja(s)","COBAS C501",NULL,True,"QRS/53.png","2.5",0
54,"54","CINTA ADHESIVA","Pieza(s)",NULL,NULL,True,"QRS/54.png","2.5",0
55,"55","CINTA CORRECTORA BIC","Pieza(s)",NULL,NULL,True,"QRS/55.png","2.5",0
56,"56","CITOBRUSH","Pieza(s)","OTROS INSUMOS / TOMA DE MUESTRA",NULL,True,"QRS/56.png","2.5",0
57,"57","CITRANOX","Pieza(s)","ACCESS",NULL,True,"QRS/57.png","2.5",0
58,"58","CLEANER COBAS 1 LT","Pieza(s)","COBAS 400 PLUS",NULL,False,"QRS/58.png","2.5",0
59,"59","CLIP JUMBO","Caja(s)",NULL,NULL,True,"QRS/59.png","2.5",0
60,"60","CLIP MARIPOSA NO.2","Caja(s)",NULL,NULL,True,"QRS/60.png","2.5",0
61,"61","CLIP NO.1","Caja(s)",NULL,NULL,True,"QRS/61.png","2.5",0
62,"62","CLIP NO.2","Caja(s)",NULL,NULL,True,"QRS/62.png","2.5",0
63,"63","CLORURO DE CALCIO 0.25 MARCA SIMENS","Pieza(s)","OTROS INSUMOS / TOMA DE MUESTRA",NULL,True,"QRS/63.png","2.5",0
64,"64","CLOSTRIDIUM DIFFICILE Y ANTIGENO GDH + TOXINA A + TOXINA B","Caja(s)","OTROS INSUMOS / TOMA DE MUESTRA",NULL,True,"QRS/64.png","2.5",0
65,"65","COBAS INTEGRA BIL-T SPECIAL","Pieza(s)","COBAS C501",NULL,True,"QRS/65.png","2.5",0
66,"66","COBAS CUP WHITE W HOLE","Bolsa(s)","COBAS 400 PLUS Y C501",NULL,True,"QRS/66.png","2.5",0
67,"67","COBAS INTEGRA A1C TQ GEN 3","Pieza(s)","COBAS  C501",NULL,True,"QRS/67.png","2.5",0
68,"68","COBAS INTEGRA ALB GEN 2","Pieza(s)","COBAS  C501",NULL,True,"QRS/68.png","2.5",0
69,"69","COBAS INTEGRA ALP IFCC GEN 2 L 400 T","Pieza(s)","COBAS C501",NULL,True,"QRS/69.png","2.5",0
70,"70","COBAS INTEGRA ALTL 500 TESTS","Pieza(s)","COBAS C501",NULL,True,"QRS/70.png","2.5",0
71,"71","COBAS INTEGRA AMYL2. 300 TESTS","Pieza(s)","COBAS  C501",NULL,True,"QRS/71.png","2.5",0
72,"72","COBAS INTEGRA ASTL 500 TESTS","Pieza(s)","COBAS C501",NULL,True,"QRS/72.png","2.5",0
73,"73","COBAS INTEGRA BILD 350 TEST","Pieza(s)","COBAS C501",NULL,True,"QRS/73.png","2.5",0
74,"74","COBAS INTEGRA CA 300 TEST","Pieza(s)","COBAS  C501",NULL,True,"QRS/74.png","2.5",0
75,"75","COBAS INTEGRA CHOL2","Pieza(s)","COBAS  C501",NULL,True,"QRS/75.png","2.5",0
76,"76","COBAS INTEGRA CKL 200 TESTS","Pieza(s)","COBAS  C501",NULL,True,"QRS/76.png","2.5",0
77,"77","COBAS INTEGRA CKMBL 100 TESTS","Pieza(s)","COBAS  C501",NULL,True,"QRS/77.png","2.5",0
78,"78","COBAS INTEGRA CLEANER 150 TESTS","Pieza(s)",NULL,NULL,False,"QRS/78.png","2.5",0
79,"79","COBAS INTEGRA CRP LX 300TESTS","Pieza(s)","COBAS C501",NULL,True,"QRS/79.png","2.5",0
80,"80","COBAS INTEGRA GGT 2","Pieza(s)","COBAS  C501",NULL,True,"QRS/80.png","2.5",0
81,"81","COBAS INTEGRA GLUC HK GEN 3. 800 TEST","Pieza(s)","COBAS  C501",NULL,True,"QRS/81.png","2.5",0
82,"82","COBAS INTEGRA HDL COL GEN 4. 200 TESTS","Pieza(s)","COBAS  C501",NULL,True,"QRS/82.png","2.5",0
83,"83","COBAS INTEGRA ISE DEPROTEINIZER 6 x 21 ML","Caja(s)","COBAS 400 PLUS Y C501",NULL,True,"QRS/83.png","2.5",0
84,"84","COBAS INTEGRA ISE ETCHER 6X11ML","Caja(s)","COBAS 400 PLUS",NULL,False,"QRS/84.png","2.5",0
85,"85","COBAS INTEGRA ISE SOL 1 6X17,5 ML","Caja(s)","COBAS 400 PLUS",NULL,False,"QRS/85.png","2.5",0
86,"86","COBAS INTEGRA ISE SOLUTION 2","Caja(s)","COBAS 400 PLUS",NULL,False,"QRS/86.png","2.5",0
87,"87","COBAS INTEGRA ISE SOLUTION 3  6X9.5ML.","Caja(s)",NULL,NULL,False,"QRS/87.png","2.5",0
88,"88","COBAS INTEGRA LDH","Pieza(s)","COBAS  C501",NULL,True,"QRS/88.png","2.5",0
89,"89","COBAS INTEGRA LDL C GEN 2. 175 TESTS","Pieza(s)","COBAS  C501",NULL,True,"QRS/89.png","2.5",0
90,"90","COBAS INTEGRA LIPASA 200 TEST","Pieza(s)","COBAS C501",NULL,True,"QRS/90.png","2.5",0
91,"91","COBAS INTEGRA MG 175 TESTS","Pieza(s)","COBAS  C501",NULL,True,"QRS/91.png","2.5",0
92,"92","COBAS INTEGRA NACI DILUENT 9%","Pieza(s)","COBAS  C501",NULL,True,"QRS/92.png","2.5",0
93,"93","COBAS INTEGRA PHOS 2","Pieza(s)","COBAS  C501",NULL,True,"QRS/93.png","2.5",0
94,"94","COBAS INTEGRA TP GEN 2","Pieza(s)","COBAS  C501",NULL,True,"QRS/94.png","2.5",0
95,"95","COBAS INTEGRA TRIG 250","Pieza(s)","COBAS  C501",NULL,True,"QRS/95.png","2.5",0
96,"96","COBAS INTEGRA UA2","Pieza(s)","COBAS  C501",NULL,True,"QRS/96.png","2.5",0
97,"97","COBAS INTEGRA UREAL 500 TEST","Pieza(s)","COBAS  C501",NULL,True,"QRS/97.png","2.5",0
98,"98","COBAS INTEGRACREAJ GEN 2. 700 TEST","Pieza(s)","COBAS  C501",NULL,True,"QRS/98.png","2.5",0
99,"99","COMBUR 10-M TIRAS PARA ORINA","Paquete(s)","COBAS 400 PLUS Y C501",NULL,True,"QRS/99.png","2.5",0
100,"100","CONGELADOR HORIZONTAL (activo)","Pieza(s)","*",NULL,True,"QRS/100.png","2.5",0
101,"101","CONTENEDOR HECES FECALES","Pieza(s)","OTROS INSUMOS / TOMA DE MUESTRA",NULL,True,"QRS/101.png","2.5",0
102,"102","CONTROL MISSION 123","Caja(s)",NULL,NULL,False,"QRS/102.png","2.5",0
103,"103","CONTROL TEST M","Pieza(s)","COBAS 400 PLUS Y C501",NULL,True,"QRS/103.png","2.5",0
104,"104","COPA PARA COBAS INTEGRA MICROCUVETTEN 1000","Bolsa(s)","COBAS 400 PLUS",NULL,False,"QRS/104.png","2.5",0
105,"105","COPAS PARA MUESTRA ACCES  1000X2ML","Bolsa(s)","ACCESS",NULL,True,"QRS/105.png","2.5",0
106,"106","CORRECTOR LIQUIDO","Pieza(s)",NULL,NULL,True,"QRS/106.png","2.5",0
107,"107","CRAYONES DE COLORES","Caja(s)",NULL,NULL,True,"QRS/107.png","2.5",0
108,"108","CRONOMETRO 3 TIEMPOS (RYE)","Pieza(s)",NULL,NULL,True,"QRS/108.png","2.5",0
109,"109","CUADERNO FRANCES RAYAS","Pieza(s)",NULL,NULL,True,"QRS/109.png","2.5",0
110,"110","CUADERNO TABULADOR 8 COLUMNAS","Pieza(s)",NULL,NULL,True,"QRS/110.png","2.5",0
111,"111","CUBREBOCAS","Caja(s)",NULL,NULL,True,"QRS/111.png","2.5",0
112,"112","CUBREOBJECTOS","Paquete(s)","OTROS INSUMOS / TOMA DE MUESTRA",NULL,True,"QRS/112.png","2.5",0
113,"113","CULTURETTE MEDIO LIQUIDO","Pieza(s)",NULL,NULL,False,"QRS/113.png","2.5",0
114,"114","CULTURETTES","Pieza(s)","OTROS INSUMOS / TOMA DE MUESTRA",NULL,True,"QRS/114.png","2.5",0
115,"115","CURITAS REDONDOS","Pieza(s)","OTROS INSUMOS / TOMA DE MUESTRA",NULL,True,"QRS/115.png","2.5",0
116,"116","EASY LYTE PLUS Na/K/Cl  MEDICA (activo)","Pieza(s)","ACL",NULL,True,"QRS/116.png","2.5",0
117,"117","ECHECK (CONTROLES P/SYSMEX)","Paquete(s)",NULL,NULL,False,"QRS/117.png","2.5",0
118,"118","ELECTRODE CHLORIDE CL/ISE","Pieza(s)","COBAS 400 PLUS",NULL,False,"QRS/118.png","2.5",0
119,"119","ELECTRODE ISE POTASSIUM","Pieza(s)","COBAS 400 PLUS",NULL,False,"QRS/119.png","2.5",0
120,"120","ELECTRODE ISE SODIUM","Pieza(s)","COBAS 400 PLUS",NULL,False,"QRS/120.png","2.5",0
121,"121","ELECTRODO DE REFERENCIA","Pieza(s)","COBAS 400 PLUS",NULL,False,"QRS/121.png","2.5",0
122,"122","EOSINA BUFERIZADA","Pieza(s)","OTROS INSUMOS / TOMA DE MUESTRA",NULL,True,"QRS/122.png","2.5",0
123,"123","ESPEJOS VAGINALES MEDIANOS","Pieza(s)",NULL,NULL,True,"QRS/123.png","2.5",0
124,"124","ETIQUETA PARA TUBO","Pieza(s)","OTROS INSUMOS / TOMA DE MUESTRA",NULL,True,"QRS/124.png","2.5",0
125,"125","FACTOR REUMATOIDE","Caja(s)","OTROS INSUMOS / TOMA DE MUESTRA",NULL,True,"QRS/125.png","2.5",0
126,"126","IFOB HECES CASSETTE","Caja(s)","OTROS INSUMOS / TOMA DE MUESTRA",NULL,True,"QRS/126.png","2.5",0
127,"127","FOLDER T/CARTA","Caja(s)",NULL,NULL,True,"QRS/127.png","2.5",0
128,"128","GRAPAS","Caja(s)",NULL,NULL,True,"QRS/128.png","2.5",0
129,"129","GUANTE NITRILO CHICO","Caja(s)","OTROS INSUMOS / TOMA DE MUESTRA",NULL,True,"QRS/129.png","2.5",0
130,"130","GUANTE NITRILO GRANDE","Caja(s)",NULL,NULL,False,"QRS/130.png","2.5",0
131,"131","GUANTE NITRILO MEDIANO","Caja(s)","OTROS INSUMOS / TOMA DE MUESTRA",NULL,True,"QRS/131.png","2.5",0
132,"132","H. PYLORI EN HECES (25 PBAS)","Caja(s)","OTROS INSUMOS / TOMA DE MUESTRA",NULL,True,"QRS/132.png","2.5",0
133,"133","HEMOLYZING REAGENT Gen.2 HBAIC TQ","Pieza(s)","OTROS INSUMOS / TOMA DE MUESTRA",NULL,True,"QRS/133.png","2.5",0
134,"134","HEPATITIS A CASETTE","Caja(s)","OTROS INSUMOS / TOMA DE MUESTRA",NULL,True,"QRS/134.png","2.5",0
135,"135","HEPATITIS B CASETTE","Caja(s)","OTROS INSUMOS / TOMA DE MUESTRA",NULL,True,"QRS/135.png","2.5",0
136,"136","HEPATITIS C  CASETTE","Caja(s)","OTROS INSUMOS / TOMA DE MUESTRA",NULL,True,"QRS/136.png","2.5",0
137,"137","HIV  1&2 DOUBLE CHECK","Caja(s)","OTROS INSUMOS / TOMA DE MUESTRA",NULL,True,"QRS/137.png","2.5",0
138,"138","HOLDER PRONTO AUTOMATICO (VACUTAINER) MARCA BD","Pieza(s)","OTROS INSUMOS / TOMA DE MUESTRA",NULL,True,"QRS/138.png","2.5",0
139,"139","IL ACCES ACCU TnI+3 CALIBRADOR","Caja(s)",NULL,NULL,False,"QRS/139.png","2.5",0
140,"140","IL ACCES ACCU TnI+3 REACTIVO","Caja(s)",NULL,NULL,False,"QRS/140.png","2.5",0
141,"141","IL CONTROL NORMAL ACL","Pieza(s)","ACL",NULL,True,"QRS/141.png","2.5",0
142,"142","IL COPA DE MUESTRA ACL","Bolsa(s)","ACL",NULL,True,"QRS/142.png","2.5",0
143,"143","IL GEM CVP MULTIPACK 20 AMP","Paquete(s)",NULL,NULL,False,"QRS/143.png","2.5",0
144,"144","IL PSA LIBRE 2X50 ACCES","Caja(s)","ACCESS",NULL,True,"QRS/144.png","2.5",0
145,"145","IL PSA TOTAL 2X50","Caja(s)","ACCESS",NULL,True,"QRS/145.png","2.5",0
146,"146","IL SOLUCION EMULSION ACL","Pieza(s)","ACL",NULL,True,"QRS/146.png","2.5",0
147,"147","IL T3 TOTAL 2 X 50 TEST","Caja(s)","ACCESS",NULL,True,"QRS/147.png","2.5",0
148,"148","IL T3 TOTAL CAL 6 X 4 ML","Caja(s)","ACCESS",NULL,True,"QRS/148.png","2.5",0
149,"149","IL T4 FREE 2 X 50 TEST","Caja(s)","ACCESS",NULL,True,"QRS/149.png","2.5",0
150,"150","IL T4 FREE CALIBRADOR","Caja(s)","ACCESS",NULL,True,"QRS/150.png","2.5",0
151,"151","IL T4 TOTAL 2X50 TEST","Caja(s)","ACCESS",NULL,True,"QRS/151.png","2.5",0
152,"152","IL T4 TOTAL CAL 6X4 mL","Caja(s)","ACCESS",NULL,True,"QRS/152.png","2.5",0
153,"153","IL TP/FIBRINOGENO","Caja(s)","ACL",NULL,True,"QRS/153.png","2.5",0
154,"154","IL TPT","Caja(s)","ACL",NULL,True,"QRS/154.png","2.5",0
155,"155","IL TSH HYPERSENSITIVE CAL 6 X 4 ML","Caja(s)","ACCESS",NULL,True,"QRS/155.png","2.5",0
156,"156","IL TSH HYPERSENTIVE 2X5O TEST","Caja(s)","ACCESS",NULL,True,"QRS/156.png","2.5",0
157,"157","INFLUENZA A+B H1N1","Caja(s)","OTROS INSUMOS / TOMA DE MUESTRA",NULL,True,"QRS/157.png","2.5",0
158,"158","ISE CALIBRADOR DIRECT 250 ML","Pieza(s)","COBAS 400 PLUS",NULL,False,"QRS/158.png","2.5",0
159,"159","ISE CALIBRADOR INDIRECT 252 ML.","Pieza(s)","COBAS 400 PLUS",NULL,False,"QRS/159.png","2.5",0
160,"160","JERINGA DE 10 CC","Caja(s)","OTROS INSUMOS / TOMA DE MUESTRA",NULL,True,"QRS/160.png","2.5",0
161,"161","JERINGA DE 3 CC","Caja(s)","OTROS INSUMOS / TOMA DE MUESTRA",NULL,True,"QRS/161.png","2.5",0
162,"162","JERINGA DE 5 CC","Caja(s)","OTROS INSUMOS / TOMA DE MUESTRA",NULL,True,"QRS/162.png","2.5",0
163,"163","JERINGA DE INSULINA TUBERCULINA","Pieza(s)","OTROS INSUMOS / TOMA DE MUESTRA",NULL,True,"QRS/163.png","2.5",0
164,"164","JERINGA PARA GASOMETRIA 1 ML. MARCA BD","Pieza(s)","OTROS INSUMOS / TOMA DE MUESTRA",NULL,True,"QRS/164.png","2.5",0
165,"165","JERINGA PARA GASOMETRIA 3 ML. MARCA BD","Pieza(s)","OTROS INSUMOS / TOMA DE MUESTRA",NULL,True,"QRS/165.png","2.5",0
166,"166","JUEGO DE AGUJAS INTEGRA 400 PLUS","Paquete(s)","COBAS 400 PLUS Y C501",NULL,False,"QRS/166.png","2.5",0
167,"167","KIM WIPES","Caja(s)","OTROS INSUMOS / TOMA DE MUESTRA",NULL,True,"QRS/167.png","2.5",0
168,"168","KIT P/ DETERMINAR CLORO LIBRE","Pieza(s)","*",NULL,True,"QRS/168.png","2.5",0
169,"169","KLENEX","Caja(s)",NULL,NULL,True,"QRS/169.png","2.5",0
170,"170","LAMPARA DE HALOGENO","Pieza(s)","COBAS 400 PLUS",NULL,False,"QRS/170.png","2.5",0
171,"171","LANCETA MARCA BD","Pieza(s)","OTROS INSUMOS / TOMA DE MUESTRA",NULL,True,"QRS/171.png","2.5",0
172,"172","LAPIZ ADHESIVO PRITT","Pieza(s)",NULL,NULL,True,"QRS/172.png","2.5",0
173,"173","LAPIZ DE MADERA","Caja(s)",NULL,NULL,True,"QRS/173.png","2.5",0
174,"174","LIGA NO.18","Bolsa(s)",NULL,NULL,True,"QRS/174.png","2.5",0
175,"175","LIQUICHECK ACCESS 1","Pieza(s)","ACCESS",NULL,True,"QRS/175.png","2.5",0
176,"176","LIQUICHECK ACCESS 2","Pieza(s)","ACCESS",NULL,True,"QRS/176.png","2.5",0
177,"177","LIQUICHECK ACCESS 3","Pieza(s)","ACCESS",NULL,True,"QRS/177.png","2.5",0
178,"178","LIQUICHEK URINALYSIS CONTROL 1","Pieza(s)","ACCESS",NULL,True,"QRS/178.png","2.5",0
179,"179","LIQUICHEK URINALYSIS CONTROL 2","Pieza(s)","ACCESS",NULL,True,"QRS/179.png","2.5",0
180,"180","LUGOL 500 ML","Pieza(s)",NULL,NULL,True,"QRS/180.png","2.5",0
181,"181","LYSOL DESINFECTANTE AEROSOL","Pieza(s)","OTROS INSUMOS / TOMA DE MUESTRA",NULL,True,"QRS/181.png","2.5",0
182,"182","MARCADOR DE BILLETES","Pieza(s)",NULL,NULL,True,"QRS/182.png","2.5",0
183,"183","MARCATEXTO BORRABLE","Pieza(s)",NULL,NULL,True,"QRS/183.png","2.5",0
184,"184","MARCATEXTOS COLORES","Pieza(s)",NULL,NULL,True,"QRS/184.png","2.5",0
185,"185","MARIPOSA 23' X 3/4 MARCA BD","Pieza(s)","OTROS INSUMOS / TOMA DE MUESTRA",NULL,True,"QRS/185.png","2.5",0
186,"186","MATRAZ ELERMEYER 125 ML (activo)","Pieza(s)","*",NULL,True,"QRS/186.png","2.5",0
187,"187","MATRAZ ELERMEYER 250 ML (activo)","Pieza(s)","*",NULL,True,"QRS/187.png","2.5",0
188,"188","MATRAZ ELERMEYER 50 ML (activo)","Pieza(s)","*",NULL,True,"QRS/188.png","2.5",0
189,"189","MATRAZ ELERMEYER 500 ML (activo)","Pieza(s)","*",NULL,True,"QRS/189.png","2.5",0
190,"190","MATRAZ VOLUMETRICO 100 ML (activo)","Pieza(s)","*",NULL,True,"QRS/190.png","2.5",0
191,"191","MATRAZ VOLUMETRICO 50 ML (activo)","Pieza(s)","*",NULL,True,"QRS/191.png","2.5",0
192,"192","MEDIO PARA HEMOCULTIVO PEDIATRICO","Pieza(s)",NULL,NULL,False,"QRS/192.png","2.5",0
193,"193","MEDIOS PARA HEMOCULTIVOS","Pieza(s)",NULL,NULL,False,"QRS/193.png","2.5",0
194,"194","METANOL  500 ML","Pieza(s)","*",NULL,True,"QRS/194.png","2.5",0
195,"195","MICROPIPETA 100 - 1000 UL (activo)","Pieza(s)","*",NULL,True,"QRS/195.png","2.5",0
196,"196","MICROSCOPIO","Pieza(s)","*",NULL,True,"QRS/196.png","2.5",0
197,"197","MINI PET PIPETA DE 25uL","Pieza(s)","*",NULL,True,"QRS/197.png","2.5",0
198,"198","PAPEL GEM PREMIER","Pieza(s)",NULL,NULL,False,"QRS/198.png","2.5",0
199,"199","PAPEL IL IMPRESORA ACL C/4 ROLLOS","Pieza(s)","ACL",NULL,True,"QRS/199.png","2.5",0
200,"200","PAPEL PARA CAMA DE EXPLORACION","Pieza(s)","OTROS INSUMOS / TOMA DE MUESTRA",NULL,True,"QRS/200.png","2.5",0
201,"201","PAPEL PARA IMPRESOR (GASOMETRO)","Pieza(s)",NULL,NULL,False,"QRS/201.png","2.5",0
202,"202","PAPEL PH 0-14","Pieza(s)","OTROS INSUMOS / TOMA DE MUESTRA",NULL,True,"QRS/202.png","2.5",0
203,"203","PARAFILM","Caja(s)","OTROS INSUMOS / TOMA DE MUESTRA",NULL,True,"QRS/203.png","2.5",0
204,"204","PARATIFICO A","Pieza(s)","OTROS INSUMOS / TOMA DE MUESTRA",NULL,True,"QRS/204.png","2.5",0
205,"205","PARATIFICO B","Pieza(s)","OTROS INSUMOS / TOMA DE MUESTRA",NULL,True,"QRS/205.png","2.5",0
206,"206","PASTILLAS PRESEPT","Paquete(s)","*",NULL,True,"QRS/206.png","2.5",0
207,"207","PIPETA MORH 0.1 ML (activo)","Pieza(s)","*",NULL,True,"QRS/207.png","2.5",0
208,"208","PIPETAS DE MORH 10 ML ACTIVO MENOR","Pieza(s)","*",NULL,True,"QRS/208.png","2.5",0
209,"209","PIPETAS DE MORH 5 ML ACTIVO MENOR","Pieza(s)","*",NULL,True,"QRS/209.png","2.5",0
210,"210","PIPETA TRANSFER 3-7 UL","Caja(s)","OTROS INSUMOS / TOMA DE MUESTRA",NULL,True,"QRS/210.png","2.5",0
211,"211","PISETA MICROBIOLOGIA","Pieza(s)","*",NULL,True,"QRS/211.png","2.5",0
212,"212","PLACAS DE VIDRIO CON ORIFICIOS (activo)","Pieza(s)","OTROS INSUMOS / TOMA DE MUESTRA",NULL,True,"QRS/212.png","2.5",0
213,"213","PLUMA BORRABLE FRIXION AZUL Y NEGRA","Pieza(s)",NULL,NULL,True,"QRS/213.png","2.5",0
214,"214","PLUMA BORRABLE FRIXION ROJA","Pieza(s)",NULL,NULL,True,"QRS/214.png","2.5",0
215,"215","PLUMONES PARA NInOS","Caja(s)",NULL,NULL,True,"QRS/215.png","2.5",0
216,"216","POLICROMO BUFERIZADO","Pieza(s)","OTROS INSUMOS / TOMA DE MUESTRA",NULL,True,"QRS/216.png","2.5",0
217,"217","PORTAOBJECTOS","Paquete(s)","OTROS INSUMOS / TOMA DE MUESTRA",NULL,True,"QRS/217.png","2.5",0
218,"218","POST-IT MINI","Paquete(s)",NULL,NULL,True,"QRS/218.png","2.5",0
219,"219","POST-IT 76X76 MM","Paquete(s)",NULL,NULL,True,"QRS/219.png","2.5",0
220,"220","POST-IT BANDERAS","Paquete(s)",NULL,NULL,True,"QRS/220.png","2.5",0
221,"221","PRECICONTROL 1 MULTI","Pieza(s)","COBAS  C501",NULL,True,"QRS/221.png","2.5",0
222,"222","PRECICONTROL 2 MULTI 20 X 5 ML","Pieza(s)","COBAS  C501",NULL,True,"QRS/222.png","2.5",0
223,"223","PRECICONTROL HBA1C NORM","Caja(s)","COBAS  C501",NULL,True,"QRS/223.png","2.5",0
224,"224","PRECICONTROL HBA1C PATH","Caja(s)","COBAS  C501",NULL,True,"QRS/224.png","2.5",0
225,"225","PROBETA  50ML","Pieza(s)","*",NULL,True,"QRS/225.png","2.5",0
226,"226","PROBETA DE 100 ML","Pieza(s)","*",NULL,True,"QRS/226.png","2.5",0
227,"227","PROCALCITONINA ARTRON","Pieza(s)","OTROS INSUMOS / TOMA DE MUESTRA",NULL,True,"QRS/227.png","2.5",0
228,"228","PROCALCITONINA GETEIN","Caja(s)","GETEIN",NULL,True,"QRS/228.png","2.5",0
229,"229","PROTECTOR MATE CARTA","Caja(s)",NULL,NULL,True,"QRS/229.png","2.5",0
230,"230","PROTEUS OX-19 (BIO-RAD)","Pieza(s)","OTROS INSUMOS / TOMA DE MUESTRA",NULL,True,"QRS/230.png","2.5",0
231,"231","PRUEBA DE EMBARAZO","Caja(s)","OTROS INSUMOS / TOMA DE MUESTRA",NULL,True,"QRS/231.png","2.5",0
232,"232","PUENTE DE TINCION (activo)","Pieza(s)","*",NULL,True,"QRS/232.png","2.5",0
233,"233","PUNTA AMARILLA 200 UL MICROBIOLOGIA","Bolsa(s)","ACCESS",NULL,True,"QRS/233.png","2.5",0
234,"234","PUNTA AZUL 1000 UL MICROBIOLOGIA","Bolsa(s)","ACCESS",NULL,True,"QRS/234.png","2.5",0
235,"235","PUNTA DE PIPETA AMARILLA","Bolsa(s)","OTROS INSUMOS / TOMA DE MUESTRA",NULL,True,"QRS/235.png","2.5",0
236,"236","PUNTA DE PIPETA AZULES","Bolsa(s)","OTROS INSUMOS / TOMA DE MUESTRA",NULL,True,"QRS/236.png","2.5",0
237,"237","QUITA GRAPAS","Pieza(s)",NULL,NULL,True,"QRS/237.png","2.5",0
238,"238","REACTION VESSELS ACCES16X98","Caja(s)","ACCESS",NULL,True,"QRS/238.png","2.5",0
239,"239","REACTIVO DE BENEDICT 500 ML","Pieza(s)","OTROS INSUMOS / TOMA DE MUESTRA",NULL,True,"QRS/239.png","2.5",0
240,"240","REACTIVO DE WRIGHT","Pieza(s)","OTROS INSUMOS / TOMA DE MUESTRA",NULL,True,"QRS/240.png","2.5",0
241,"241","REACTIVO PARA CLORO LIBRE","Caja(s)","OTROS INSUMOS / TOMA DE MUESTRA",NULL,True,"QRS/241.png","2.5",0
242,"242","RECOLECTOR DE ORINA 24 HRS.","Pieza(s)","OTROS INSUMOS / TOMA DE MUESTRA",NULL,True,"QRS/242.png","2.5",0
243,"243","REFERENCE ELECTROLYTE 1X250 ML","Pieza(s)","COBAS 400 PLUS Y C501",NULL,False,"QRS/243.png","2.5",0
244,"244","RESMA DE HOJAS T/CARTA","Pieza(s)",NULL,NULL,True,"QRS/244.png","2.5",0
245,"245","RESMA DE HOJAS T/OFICIO","Pieza(s)",NULL,NULL,True,"QRS/245.png","2.5",0
246,"246","ROSA DE  BENGALA","Caja(s)","OTROS INSUMOS / TOMA DE MUESTRA",NULL,True,"QRS/246.png","2.5",0
247,"247","ROTORES","Paquete(s)","OTROS INSUMOS / TOMA DE MUESTRA",NULL,True,"QRS/247.png","2.5",0
248,"248","SACA PUNTAS","Pieza(s)",NULL,NULL,True,"QRS/248.png","2.5",0
249,"249","SEDI-RATE (TUBOS PARA VSG)","Caja(s)","OTROS INSUMOS / TOMA DE MUESTRA",NULL,True,"QRS/249.png","2.5",0
250,"250","SEPARADORES","Paquete(s)",NULL,NULL,True,"QRS/250.png","2.5",0
251,"251","SHARPIE NEGRO","Pieza(s)",NULL,NULL,True,"QRS/251.png","2.5",0
252,"252","SIFILIS  DETERMINACION EN CASETTE","Caja(s)","OTROS INSUMOS / TOMA DE MUESTRA",NULL,True,"QRS/252.png","2.5",0
253,"253","SOBRE BLANCO CON VENTANILLA","Caja(s)",NULL,NULL,True,"QRS/253.png","2.5",0
254,"254","SOBRE BLANCO T/OFICIO NO.10","Caja(s)",NULL,NULL,True,"QRS/254.png","2.5",0
255,"255","SOBRE ESQUELA T/CARTA","Caja(s)",NULL,NULL,True,"QRS/255.png","2.5",0
256,"256","SOBRE PAPEL ESQUELA 16.5X25","Caja(s)",NULL,NULL,True,"QRS/256.png","2.5",0
257,"257","SOBRE PARA DINERO","Caja(s)",NULL,NULL,True,"QRS/257.png","2.5",0
258,"258","SOLUCION  DE MACOMBER P/RECUENTO DE ESPERMAS","Pieza(s)",NULL,NULL,True,"QRS/258.png","2.5",0
259,"259","SOLUCION BUFFER PH 6.8","Pieza(s)","*",NULL,True,"QRS/259.png","2.5",0
260,"260","SOLUCION CONTRAD 70 1XAÑO","Pieza(s)","ACCESS",NULL,True,"QRS/260.png","2.5",0
261,"261","SOLUCION DE EOSINA-B  PARA VITALIDAD DE ESPERMAS","Pieza(s)","*",NULL,True,"QRS/261.png","2.5",0
262,"262","SOLUCION DE KCL SATURADA (cloruro de potasio)","Pieza(s)","OTROS INSUMOS / TOMA DE MUESTRA",NULL,True,"QRS/262.png","2.5",0
263,"263","SOLUCION DE NIGROSINA 25 ML","Pieza(s)","OTROS INSUMOS / TOMA DE MUESTRA",NULL,True,"QRS/263.png","2.5",0
264,"264","SOLUCION DESPROTENIZANTE 52 ML (ELECTROLITOS)","Pieza(s)","OTROS INSUMOS / TOMA DE MUESTRA",NULL,True,"QRS/264.png","2.5",0
265,"265","SOLUCION DEXTROSA 75 G","Pieza(s)","OTROS INSUMOS / TOMA DE MUESTRA",NULL,True,"QRS/265.png","2.5",0
266,"266","SOLUCION SALINA","Pieza(s)","ACCESS",NULL,True,"QRS/266.png","2.5",0
267,"267","SOLUPREP","Pieza(s)","OTROS INSUMOS / TOMA DE MUESTRA",NULL,True,"QRS/267.png","2.5",0
268,"268","STROMATOLYSER 4 DL.","Pieza(s)",NULL,NULL,False,"QRS/268.png","2.5",0
269,"269","STROMATOLYSER 4DS 126ml","Pieza(s)",NULL,NULL,False,"QRS/269.png","2.5",0
270,"270","SUERO ANTI   A","Pieza(s)","OTROS INSUMOS / TOMA DE MUESTRA",NULL,True,"QRS/270.png","2.5",0
271,"271","SUERO ANTI B","Pieza(s)","OTROS INSUMOS / TOMA DE MUESTRA",NULL,True,"QRS/271.png","2.5",0
272,"272","SUERO ANTI D","Pieza(s)","OTROS INSUMOS / TOMA DE MUESTRA",NULL,True,"QRS/272.png","2.5",0
273,"273","SUERO DE COOMBS","Pieza(s)","OTROS INSUMOS / TOMA DE MUESTRA",NULL,True,"QRS/273.png","2.5",0
274,"274","SUJETA DOCUMENTOS 32 MM","Caja(s)",NULL,NULL,True,"QRS/274.png","2.5",0
275,"275","SUJETA DOCUMENTOS 19MM","Caja(s)",NULL,NULL,True,"QRS/275.png","2.5",0
276,"276","SUJETA DOCUMENTOS 51 MM","Caja(s)",NULL,NULL,True,"QRS/276.png","2.5",0
277,"277","SULFOLYSER 5 L","Pieza(s)",NULL,NULL,False,"QRS/277.png","2.5",0
278,"278","SUSTRATE ACCES 4X130 ML","Pieza(s)","ACCESS",NULL,True,"QRS/278.png","2.5",0
279,"279","SYSTEM CHECK SOLUTION 6X4ML","Pieza(s)",NULL,NULL,False,"QRS/279.png","2.5",0
280,"280","TAPAS P/VIALES D/PLASTICO","Bolsa(s)","VARIOS",NULL,True,"QRS/280.png","2.5",0
281,"281","TARJETA AST GP75 POSITIVA (415670 AZUL)","Caja(s)","ACCESS",NULL,True,"QRS/281.png","2.5",0
282,"282","TARJETA AST N271 NEGATIVA (414163 ROJA)","Caja(s)","ACCESS",NULL,True,"QRS/282.png","2.5",0
283,"283","TARJETA GN TEST VITEK NEGATIVA (21341)","Caja(s)","ACCESS",NULL,True,"QRS/283.png","2.5",0
284,"284","TARJETA GP TEST VITEK POSITIVA (21342)","Caja(s)","ACCESS",NULL,True,"QRS/284.png","2.5",0
285,"285","TERMOBLOCK BAÑO SECO","Pieza(s)","*",NULL,True,"QRS/285.png","2.5",0
286,"286","TERMOHIGROMETRO DE PARED TAYLOR ACTIVO MENOR","Pieza(s)","*",NULL,True,"QRS/286.png","2.5",0
287,"287","TERMOMETRO","Pieza(s)","*",NULL,True,"QRS/287.png","2.5",0
288,"288","TIFICO H","Pieza(s)","OTROS INSUMOS / TOMA DE MUESTRA",NULL,True,"QRS/288.png","2.5",0
289,"289","TIFICO O","Pieza(s)","OTROS INSUMOS / TOMA DE MUESTRA",NULL,True,"QRS/289.png","2.5",0
290,"290","TINCION DE GRAM","Pieza(s)","OTROS INSUMOS / TOMA DE MUESTRA",NULL,True,"QRS/290.png","2.5",0
291,"291","TINCION DE STERNHEIMER-MALBIN","Pieza(s)","OTROS INSUMOS / TOMA DE MUESTRA",NULL,True,"QRS/291.png","2.5",0
292,"292","TINTA PARA SELLO AZUL Y NEGRA","Pieza(s)",NULL,NULL,True,"QRS/292.png","2.5",0
293,"293","TINTA PARA SELLO ROJA","Pieza(s)",NULL,NULL,True,"QRS/293.png","2.5",0
294,"294","TOALLAS ALCOHOLADAS","Pieza(s)",NULL,NULL,True,"QRS/294.png","2.5",0
295,"295","TOALLITAS DESINFECTANTES CLOROX","Pieza(s)","OTROS INSUMOS / TOMA DE MUESTRA",NULL,True,"QRS/295.png","2.5",0
296,"296","TOALLITAS PARA PC","Paquete(s)",NULL,NULL,True,"QRS/296.png","2.5",0
297,"297","TONER HP 90A","Pieza(s)",NULL,NULL,True,"QRS/297.png","2.5",0
298,"298","TORNIQUETES MARCA BD","Pieza(s)","OTROS INSUMOS / TOMA DE MUESTRA",NULL,True,"QRS/298.png","2.5",0
299,"299","TORUNDAS","Bolsa(s)","OTROS INSUMOS / TOMA DE MUESTRA",NULL,True,"QRS/299.png","2.5",0
300,"300","TROPONINA GETEIN","Caja(s)","GETEIN",NULL,True,"QRS/300.png","2.5",0
301,"301","TUBERSOL 1ML","Pieza(s)","OTROS INSUMOS / TOMA DE MUESTRA",NULL,True,"QRS/301.png","2.5",0
302,"302","TUBO AMARILLO 6 ML MARCA BD","Paquete(s)","OTROS INSUMOS / TOMA DE MUESTRA",NULL,True,"QRS/302.png","2.5",0
303,"303","TUBO AZUL 2.7 ML MARCA BD","Paquete(s)","OTROS INSUMOS / TOMA DE MUESTRA",NULL,True,"QRS/303.png","2.5",0
304,"304","TUBO CAPILAR AZUL MARCA BD","Paquete(s)","OTROS INSUMOS / TOMA DE MUESTRA",NULL,True,"QRS/304.png","2.5",0
305,"305","TUBO CONICO 15ML","Pieza(s)","OTROS INSUMOS / TOMA DE MUESTRA",NULL,True,"QRS/305.png","2.5",0
306,"306","TUBO DE VIDRIO 10X75 MM","Caja(s)",NULL,NULL,False,"QRS/306.png","2.5",0
307,"307","TUBO DE VIDRIO 12X75 mm","Caja(s)","OTROS INSUMOS / TOMA DE MUESTRA",NULL,True,"QRS/307.png","2.5",0
308,"308","TUBO DE VIDRIO 13X100 mm","Caja(s)","OTROS INSUMOS / TOMA DE MUESTRA",NULL,True,"QRS/308.png","2.5",0
309,"309","TUBO EPPENDORF","Paquete(s)","OTROS INSUMOS / TOMA DE MUESTRA",NULL,True,"QRS/309.png","2.5",0
310,"310","TUBO GRIS OXALATO DE POTASIO MARCA BD","Paquete(s)","OTROS INSUMOS / TOMA DE MUESTRA",NULL,True,"QRS/310.png","2.5",0
311,"311","TUBO LAVANDA 4 CC MARCA BD","Paquete(s)","OTROS INSUMOS / TOMA DE MUESTRA",NULL,True,"QRS/311.png","2.5",0
312,"312","TUBO MICROTAINER AMARILLO MARCA BD","Bolsa(s)","OTROS INSUMOS / TOMA DE MUESTRA",NULL,True,"QRS/312.png","2.5",0
313,"313","TUBO MICROTAINER MORADO MARCA BD","Bolsa(s)","OTROS INSUMOS / TOMA DE MUESTRA",NULL,True,"QRS/313.png","2.5",0
314,"314","TUBO MICROTAINER AZUL 1ML.","Caja(s)",NULL,NULL,False,"QRS/314.png","2.5",0
315,"315","TUBO ROJO 6 ML MARCA BD","Paquete(s)","OTROS INSUMOS / TOMA DE MUESTRA",NULL,True,"QRS/315.png","2.5",0
316,"316","TUBO ROJO DE 10 CC","Paquete(s)",NULL,NULL,False,"QRS/316.png","2.5",0
317,"317","TUBO VERDE CON HEPARINA DE SODIO MARCA BD","Paquete(s)","OTROS INSUMOS / TOMA DE MUESTRA",NULL,True,"QRS/317.png","2.5",0
318,"318","TUBOS CAPILARES 5 UL 1X200","Paquete(s)","*",NULL,True,"QRS/318.png","2.5",0
319,"319","TUBOS DE POLIESTIRENO MICROBIOLOGIA","Paquete(s)","ACCESS",NULL,True,"QRS/319.png","2.5",0
320,"320","URISYS THERMO-PRINTER PAPER","Pieza(s)",NULL,NULL,False,"QRS/320.png","2.5",0
321,"321","VASO DE PRECIPITADO DE 1000ML (activo)","Pieza(s)","*",NULL,True,"QRS/321.png","2.5",0
322,"322","VASOS DE PRECIPITADO DE 100 ML (activo)","Pieza(s)","*",NULL,True,"QRS/322.png","2.5",0
323,"323","VASOS DE PRECIPITADO DE 400 ML (activo)","Pieza(s)","*",NULL,True,"QRS/323.png","2.5",0
324,"324","VASOS DE UNICEL","Paquete(s)",NULL,NULL,True,"QRS/324.png","2.5",0
325,"325","VASOS PARA MUESTRA ESTERILES","Pieza(s)","OTROS INSUMOS / TOMA DE MUESTRA",NULL,True,"QRS/325.png","2.5",0
326,"326","VASOS PARA MUESTRA NO ESTERILES","Pieza(s)",NULL,NULL,False,"QRS/326.png","2.5",0
327,"327","VIALES DE PLASTICO 12X75 C/250","Bolsa(s)","OTROS INSUMOS / TOMA DE MUESTRA",NULL,True,"QRS/327.png","2.5",0
328,"328","WASH BUFFER ACCES 4X1950 ML","Pieza(s)","ACCESS",NULL,True,"QRS/328.png","2.5",0
329,"329","WASHWASTE KIT","Pieza(s)",NULL,NULL,False,"QRS/329.png","2.5",0
330,"330","WASTE CONTAINER C I 400 20","Caja(s)","COBAS 400 PLUS Y C501",NULL,True,"QRS/330.png","2.5",0
331,"331","COBAS INTEGRA TPUC Gen.3, 150Tests","Pieza(s)",NULL,NULL,False,"QRS/331.png","2.5",0
332,"332","PRECINORM PUC (Alb. Orina)","Caja(s)",NULL,NULL,False,"QRS/332.png","2.5",0
333,"333","TINCION DE BAAR EN CALIENTE","Paquete(s)","OTROS INSUMOS / TOMA DE MUESTRA",NULL,True,"QRS/333.png","2.5",0
334,"334","SOLUCION DE HIDROXIDO DE POTASIO-GLICEROL","Paquete(s)","OTROS INSUMOS / TOMA DE MUESTRA.",NULL,True,"QRS/334.png","2.5",0
335,"335","TONER SAMSUNG ML 305L","Pieza(s)",NULL,NULL,True,"QRS/335.png","2.5",0
336,"336","AGAR SAL Y MENITOL","Paquete(s)","COBAS 400 PLUS Y C501",NULL,True,"QRS/336.png","2.5",0
337,"337","AGAR SALMONELLA Y SHIGELLA","Paquete(s)","COBAS 400 PLUS Y C501",NULL,True,"QRS/337.png","2.5",0
338,"338","AGAR GELOSA CHOCOLATE","Paquete(s)","COBAS 400 PLUS Y C501",NULL,True,"QRS/338.png","2.5",0
339,"339","AGAR SANGRE/AGAR MACCONKEY","Paquete(s)","COBAS 400 PLUS Y C501",NULL,True,"QRS/339.png","2.5",0
340,"340","AGAR DEXTROSA SABOURAUD","Paquete(s)","COBAS 400 PLUS Y C501",NULL,True,"QRS/340.png","2.5",0
341,"341","PIPETA SEROLOGIA 10 ML MICROBIOLOGIA","Paquete(s)","*",NULL,True,"QRS/341.png","2.5",0
342,"342","PCR LATEX","Pieza(s)","OTROS INSUMOS / TOMA DE MUESTRA",NULL,True,"QRS/342.png","2.5",0
343,"343","TARJETA VITEK 2 YST","Caja(s)","ACCESS",NULL,True,"QRS/343.png","2.5",0
344,"344","AGUA PEPTONADA","Pieza(s)","COBAS 400 PLUS Y C501",NULL,True,"QRS/344.png","2.5",0
345,"345","AGAR EOSINA Y AZUL DE METILENO","Paquete(s)","COBAS 400 PLUS Y C501",NULL,True,"QRS/345.png","2.5",0
346,"346","CALDO TIOGLICOLATO NIH","Paquete(s)","COBAS 400 PLUS Y C501",NULL,True,"QRS/346.png","2.5",0
347,"347","AGAR TCBS","Paquete(s)","COBAS 400 PLUS Y C501",NULL,True,"QRS/347.png","2.5",0
348,"348","AGAR CLED","Paquete(s)","COBAS 400 PLUS Y C501",NULL,True,"QRS/348.png","2.5",0
349,"349","AGAR BIGGY","Paquete(s)","COBAS 400 PLUS Y C501",NULL,True,"QRS/349.png","2.5",0
350,"350","AGAR CETRIMIDA","Paquete(s)","COBAS 400 PLUS Y C501",NULL,True,"QRS/350.png","2.5",0
351,"351","AGAR ENTERICO HEKTOEN","Paquete(s)","COBAS 400 PLUS Y C501",NULL,True,"QRS/351.png","2.5",0
352,"352","AGAR SOYA TRIPTICASEINA (TUBO)","Paquete(s)","COBAS 400 PLUS Y C501",NULL,True,"QRS/352.png","2.5",0
353,"353","AGAR SOYA TRIPTICASEINA (PLACA)","Paquete(s)","COBAS 400 PLUS Y C501",NULL,True,"QRS/353.png","2.5",0
354,"354","CFAS PUC","Caja(s)",NULL,NULL,False,"QRS/354.png","2.5",0
355,"355","PRECIPATH PUC","Caja(s)",NULL,NULL,False,"QRS/355.png","2.5",0
356,"356","MICRO ESTERILIZADOR DE ASAS","Pieza(s)","*",NULL,True,"QRS/356.png","2.5",0
357,"357","TARJETA AST-YS08","Caja(s)","ACCESS",NULL,True,"QRS/357.png","2.5",0
358,"358","GASA","Paquete(s)","OTROS INSUMOS / TOMA DE MUESTRA",NULL,True,"QRS/358.png","2.5",0
359,"359","ALCOHOL ETILICO 20L","Pieza(s)","OTROS INSUMOS / TOMA DE MUESTRA",NULL,True,"QRS/359.png","2.5",0
360,"360","DIMERO D GETEIN","Caja(s)","GETEIN",NULL,True,"QRS/360.png","2.5",0
361,"361","CUBREBOCAS N95","Pieza(s)","OTROS INSUMOS / TOMA DE MUESTRA",NULL,True,"QRS/361.png","2.5",0
362,"362","ALCOHOL ISOPROPILICO 3.5 L","Pieza(s)","OTROS INSUMOS / TOMA DE MUESTRA",NULL,True,"QRS/362.png","2.5",0
363,"363","IL FERRITINA REACTIVO","Caja(s)","ACCESS",NULL,True,"QRS/363.png","2.5",0
364,"364","IL FERRITINA CALIBRADOR","Caja(s)","ACCESS",NULL,True,"QRS/364.png","2.5",0
365,"365","BATA QUIRURGICA ESTERIL ","Pieza(s)","OTROS INSUMOS / TOMA DE MUESTRA",NULL,True,"QRS/365.png","2.5",0
366,"366","HISOPO FARINGEO","Pieza(s)","OTROS INSUMOS / TOMA DE MUESTRA",NULL,True,"QRS/366.png","2.5",0
367,"367","GUANTE LATEX MEDIANO","Caja(s)","OTROS INSUMOS / TOMA DE MUESTRA",NULL,True,"QRS/367.png","2.5",0
368,"368","CRP GETEIN","Caja(s)","GETEIN",NULL,True,"QRS/368.png","2.5",0
369,"369","GUANTE LATEX CHICO","Caja(s)","OTROS INSUMOS / TOMA DE MUESTRA",NULL,True,"QRS/369.png","2.5",0
370,"370","AC CORONAVIRUS IGG-IGM","Caja(s)","COBAS 400 PLUS Y C501",NULL,True,"QRS/370.png","2.5",0
371,"371","LANCETA COVID","Pieza(s)","OTROS INSUMOS / TOMA DE MUESTRA",NULL,True,"QRS/371.png","2.5",0
372,"372","REMOVEDOR DE POLVO","Pieza(s)",NULL,NULL,True,"QRS/372.png","2.5",0
373,"373","GUANTE LATEX GRANDE","Caja(s)","OTROS INSUMOS / TOMA DE MUESTRA",NULL,True,"QRS/373.png","2.5",0
374,"374","MEDIOS PARA PCR COVID CERTUS","Pieza(s)",NULL,NULL,False,"QRS/374.png","2.5",0
375,"375","MEDIOS PARA PCR COVID LSG CLINICOS","Pieza(s)",NULL,NULL,False,"QRS/375.png","2.5",0
376,"376","MEDICA ES/EEL NA SENSOR","Pieza(s)",NULL,NULL,False,"QRS/376.png","2.5",0
377,"377","AGAR MUELLER HINTON","Paquete(s)","COBAS 400 PLUS Y C501",NULL,True,"QRS/377.png","2.5",0
378,"378","ECOTERGENT, COBAS C501/502, 12X59","Caja(s)","COBAS  C501",NULL,True,"QRS/378.png","2.5",0
379,"379","LAMP HALOGEN ASSY 12V/50W","Pieza(s)","COBAS 400 PLUS Y C501",NULL,True,"QRS/379.png","2.5",0
380,"380","COPILLAS DE MUESTRA","Bolsa(s)","COBAS  C501",NULL,True,"QRS/380.png","2.5",0
381,"381","CARTRIDGE K","Pieza(s)","COBAS C501",NULL,True,"QRS/381.png","2.5",0
382,"382","CARTRIDGE CL","Pieza(s)","COBAS  C501",NULL,True,"QRS/382.png","2.5",0
383,"383","CARTRIDGE NA","Pieza(s)","COBAS  C501",NULL,True,"QRS/383.png","2.5",0
384,"384","REFERENCE ELECTRODE","Pieza(s)","COBAS  C501",NULL,True,"QRS/384.png","2.5",0
385,"385","REGLA","Pieza(s)",NULL,NULL,True,"QRS/385.png","2.5",0
386,"386","ETIQUETAS ROJAS","Paquete(s)",NULL,NULL,True,"QRS/386.png","2.5",0
387,"387","REPUESTO DE PLUMA NEGRA","Pieza(s)",NULL,NULL,True,"QRS/387.png","2.5",0
388,"388","REPUESTO DE PLUMA AZUL","Pieza(s)",NULL,NULL,True,"QRS/388.png","2.5",0
389,"389","POST-IT POP UP","Paquete(s)",NULL,NULL,True,"QRS/389.png","2.5",0
390,"390","KIT DE CAJA CON ESPUMA AISLANTE","Pieza(s)","ULINE",NULL,True,"QRS/390.png","2.5",0
391,"391","BOLSA DE PLASTICO 2X6","Pieza(s)","ULINE",NULL,True,"QRS/391.png","2.5",0
392,"392","BOLSA FRIA","Pieza(s)","ULINE",NULL,True,"QRS/392.png","2.5",0
393,"393","NaOH-D/Basic Wash 2x1.8/ L","Caja(s)","COBAS  C501",NULL,True,"QRS/393.png","2.5",0
394,"394","NACL 9% Dil. cobas c","Pieza(s)","COBAS  C501",NULL,True,"QRS/394.png","2.5",0
395,"395","NaOH-D. cobas c","Pieza(s)","COBAS  C501",NULL,True,"QRS/395.png","2.5",0
396,"396","ISE Standard high 10x3 mL","Pieza(s)","COBAS  C501",NULL,True,"QRS/396.png","2.5",0
397,"397","ISE Standard low 10x3 mL","Pieza(s)","COBAS  C501",NULL,True,"QRS/397.png","2.5",0
398,"398","GUANTE LATEX EXTRA CHICO","Caja(s)","OTROS INSUMOS / TOMA DE MUESTRA",NULL,True,"QRS/398.png","2.5",0
399,"399","ISE REFERENCE ELECTROLYTE 300ML","Pieza(s)","COBAS  C501",NULL,True,"QRS/399.png","2.5",0
400,"400","SMS, COBAS C","Pieza(s)","COBAS  C501",NULL,True,"QRS/400.png","2.5",0
401,"401","SAMPLE CLEANER 1","Pieza(s)","COBAS  C501",NULL,True,"QRS/401.png","2.5",0
402,"402","ISE CLEANING SOLUTION / ELECSYS SYSCLEAN","Pieza(s)","COBAS 400 PLUS Y C501",NULL,True,"QRS/402.png","2.5",0
403,"403","ISE DILUENT GEN.2","Pieza(s)","COBAS  C501",NULL,True,"QRS/403.png","2.5",0
404,"404","ANTIGENO SARS-Cov-2","Caja(s)","COBAS 400 PLUS Y C501",NULL,True,"QRS/404.png","2.5",0
405,"405","CELL WASH SOLUTION II / ACID WASH","Caja(s)","COBAS  C501",NULL,True,"QRS/405.png","2.5",0
406,"406","ISE INTERNAL STANDAR GEN. 2","Pieza(s)","COBAS C501",NULL,True,"QRS/406.png","2.5",0
407,"407","REACTION CELL FOR C501 / C502","Pieza(s)","COBAS 400 PLUS Y C501",NULL,True,"QRS/407.png","2.5",0
408,"408","SAMPLE CLEANER 2","Pieza(s)","COBAS  C501",NULL,True,"QRS/408.png","2.5",0
409,"409","HISOPO NASO-FARINGEO","Pieza(s)","OTROS INSUMOS / TOMA DE MUESTRA",NULL,True,"QRS/409.png","2.5",0
410,"410","AUTO QC PACK COBAS B123","Pieza(s)","COBAS 400 PLUS Y C501",NULL,True,"QRS/410.png","2.5",0
411,"411","SENSOR CARTRIDGE COBAS B123","Pieza(s)","COBAS 400 PLUS Y C501",NULL,True,"QRS/411.png","2.5",0
412,"412","CLIP MARIPOSA NO.1","Caja(s)","COBAS 400 PLUS Y C501",NULL,True,"QRS/412.png","2.5",0
413,"413","PRINTER PAPER COBAS B123","Pieza(s)","COBAS 400 PLUS Y C501",NULL,True,"QRS/413.png","2.5",0
414,"414","CLOT CATCHER PRO","Caja(s)","COBAS 400 PLUS Y C501",NULL,True,"QRS/414.png","2.5",0
415,"415","FLUID PACK COOX COBAS B123","Pieza(s)","COBAS 400 PLUS Y C501",NULL,True,"QRS/415.png","2.5",0
416,"416","SHARPIE ROJO","Pieza(s)",NULL,NULL,True,"QRS/416.png","2.5",0
417,"417","PLUMA BORRABLE","Pieza(s)",NULL,NULL,True,"QRS/417.png","2.5",0
418,"418","EQUIPO GETEIN 1100","Pieza(s)","*",NULL,True,"QRS/418.png","2.5",0
419,"419","MICRO ALBUMINA GETEIN","Caja(s)","GETEIN",NULL,True,"QRS/419.png","2.5",0
420,"420","MICROGLOBULINA BETA-2 GETEIN","Caja(s)","GETEIN",NULL,True,"QRS/420.png","2.5",0
421,"421","TERMOMETRO DIGITAL INRAROJO MANUAL","Pieza(s)","*",NULL,True,"QRS/421.png","2.5",0
422,"422","TERMOMETRO DIGITAL DE -50 A 70*C","Pieza(s)","*",NULL,True,"QRS/422.png","2.5",0
423,"423","HIGROTERMOMETRO DIGITAL DE 0 A 50*C ","Pieza(s)","*",NULL,True,"QRS/423.png","2.5",0
424,"424","IL T3 LIBRE REACTIVO","Pieza(s)","ACCESS",NULL,True,"QRS/424.png","2.5",0
425,"425","IL T3 LIBRE CALIBRADOR","Pieza(s)","ACCESS",NULL,True,"QRS/425.png","2.5",0
426,"426","INDICATOR STRIPS GSAPAK DRY ANAEROBIC","Caja(s)","OTROS INSUMOS / TOMA DE MUESTRA",NULL,True,"QRS/426.png","2.5",0
427,"427","GASPAK EZ ANAEROBICO CON INDICADOR","Caja(s)","OTROS INSUMOS / TOMA DE MUESTRA",NULL,True,"QRS/427.png","2.5",0
428,"428","COBAS INTEGRA A1CD2 HAEMOLYZING","Pieza(s)","COBAS 400 PLUS Y C501",NULL,True,"QRS/428.png","2.5",0
429,"429","ALCOHOL ETILICO 96%","Pieza(s)","OTROS INSUMOS / TOMA DE MUESTRA",NULL,True,"QRS/429.png","2.5",0
430,"430","ALCOHOL METANOL FIJADOR","Pieza(s)","OTROS INSUMOS / TOMA DE MUESTRA",NULL,True,"QRS/430.png","2.5",0
431,"431","OG-6 PARA TINCION DE PAPANICOLAOU","Pieza(s)","OTROS INSUMOS / TOMA DE MUESTRA",NULL,True,"QRS/431.png","2.5",0
432,"432","EA-SO PARA TINCION DE PAPANICOLAOU","Pieza(s)","OTROS INSUMOS / TOMA DE MUESTRA",NULL,True,"QRS/432.png","2.5",0
433,"433","HEMATOXILINA DE HARRIS MODIFICADA PARA TINCION DE PAPANICOLAOU","Pieza(s)","OTROS INSUMOS / TOMA DE MUESTRA",NULL,True,"QRS/433.png","2.5",0
434,"434","IL ESTRADIOL REACTIVO","Caja(s)","ACCESS",NULL,True,"QRS/434.png","2.5",0
435,"435","IL ESTRADIOL CALIBRADOR","Caja(s)","ACCESS",NULL,True,"QRS/435.png","2.5",0
436,"436","IL TESTOSTERONA REACTIVO","Caja(s)","ACCESS",NULL,True,"QRS/436.png","2.5",0
437,"437","IL TESTOSTERONA CALIBRADOR","Caja(s)","ACCESS",NULL,True,"QRS/437.png","2.5",0
438,"438","IL PROGESTERONA REACTIVO","Caja(s)","ACCESS",NULL,True,"QRS/438.png","2.5",0
439,"439","IL PROGESTERONA CALIBRADOR","Caja(s)","ACCESS",NULL,True,"QRS/439.png","2.5",0
440,"440","IL PROLACTINA REACTIVO","Caja(s)","ACCESS",NULL,True,"QRS/440.png","2.5",0
441,"441","IL PROLACTINA CALIBRADOR","Caja(s)","ACCESS",NULL,True,"QRS/441.png","2.5",0
442,"442","IL Hlh REACTIVO","Caja(s)","ACCESS",NULL,True,"QRS/442.png","2.5",0
443,"443","IL Hlh CALIBRADOR","Caja(s)","ACCESS",NULL,True,"QRS/443.png","2.5",0
444,"444","IL FSH REACTIVO","Caja(s)","ACCESS",NULL,True,"QRS/444.png","2.5",0
445,"445","IL FSH CALIBRADOR","Caja(s)","ACCESS",NULL,True,"QRS/445.png","2.5",0
446,"446","DESHUMIDIFICADOR PARA OFICINA","Pieza(s)","*",NULL,True,"QRS/446.png","2.5",0
447,"447","IL DILUYENTE QUINTUS 20L","Pieza(s)","ACL",NULL,True,"QRS/447.png","2.5",0
448,"448","IL LIZANTE QUINTUS 5L","Pieza(s)","ACL",NULL,True,"QRS/448.png","2.5",0
449,"449","IL QUINTUS STOPPER 1 L.","Pieza(s)","ACL",NULL,True,"QRS/449.png","2.5",0
450,"450","TARJETA 2 ANC (21347).","Caja(s)","ACCESS",NULL,True,"QRS/450.png","2.5",0
453,"458","ESPATULA GINECOLOGICA DE MADERA","PIEZA",NULL,"1",True,"QRS/458.png","2.5",0
454,"460","REACTIVO DE YODO PARA TINCION DE GRAM","PIEZA",NULL,NULL,False,"QRS/460.png","2.5",0
